Fold,R2_Train,R2_Test,RMSE,MAE
1,0.9631500244140625,0.9660141468048096,0.002931680938657876,0.0023599581327289343
2,0.9700619578361511,0.9693835377693176,0.002653780388594473,0.00212251883931458
3,0.973702073097229,0.9729197025299072,0.002484541698377694,0.001993736485019326
4,0.9702020287513733,0.9686904549598694,0.0027523505047684443,0.0021456561516970396
5,0.9732438921928406,0.9668869376182556,0.0027054078014402527,0.002155154477804899
