Fold,R2_Train,R2_Test,RMSE,MAE
1,0.9737774133682251,0.9769113659858704,0.003221851876372042,0.002580489730462432
2,0.9742345809936523,0.9749264121055603,0.003202098813667481,0.002554406179115176
3,0.9747855067253113,0.9751724004745483,0.0031719458654148928,0.002544567221775651
4,0.9735714197158813,0.9741111993789673,0.003337030171348451,0.0026584314182400703
5,0.9737781882286072,0.9690133929252625,0.003489464219915581,0.002798429224640131
