Fold,R2_Train,R2_Test,RMSE,MAE
1,0.9741974472999573,0.9769788384437561,0.0032171425287714933,0.002558378502726555
2,0.9748159646987915,0.9752710461616516,0.003180016104204295,0.002543418435379863
3,0.9746580123901367,0.9752035737037659,0.003169952172790401,0.0025480713229626417
4,0.9722826480865479,0.9715054035186768,0.003500946209097937,0.0027943162713199854
5,0.9747467637062073,0.9702160954475403,0.0034210771556829585,0.0027432467322796583
